text,difficulty,category,pointValue
cat,EASY,ANIMALS,10
dog,EASY,ANIMALS,10
bat,EASY,ANIMALS,10
ant,EASY,ANIMALS,10
hen,EASY,ANIMALS,10
fox,EASY,ANIMALS,10
owl,EASY,ANIMALS,10
bee,EASY,ANIMALS,10
run,EASY,COMMON,10
sit,EASY,COMMON,10
big,EASY,COMMON,10
top,EASY,COMMON,10
red,EASY,COMMON,10
map,EASY,COMMON,10
cup,EASY,COMMON,10
box,EASY,COMMON,10
sun,EASY,COMMON,10
hop,EASY,COMMON,10
type,EASY,COMMON,10
word,EASY,COMMON,10
fish,EASY,ANIMALS,10
frog,EASY,ANIMALS,10
wolf,EASY,ANIMALS,10
bear,EASY,ANIMALS,10
deer,EASY,ANIMALS,10
mouse,MEDIUM,ANIMALS,25
tiger,MEDIUM,ANIMALS,25
horse,MEDIUM,ANIMALS,25
eagle,MEDIUM,ANIMALS,25
shark,MEDIUM,ANIMALS,25
plant,MEDIUM,SCIENCE,25
orbit,MEDIUM,SCIENCE,25
light,MEDIUM,SCIENCE,25
force,MEDIUM,SCIENCE,25
cloud,MEDIUM,SCIENCE,25
table,MEDIUM,COMMON,25
chair,MEDIUM,COMMON,25
floor,MEDIUM,COMMON,25
grade,MEDIUM,COMMON,25
score,MEDIUM,COMMON,25
speed,MEDIUM,COMMON,25
print,MEDIUM,COMMON,25
stamp,MEDIUM,COMMON,25
blend,MEDIUM,COMMON,25
build,MEDIUM,COMMON,25
pixel,MEDIUM,TECH,25
cache,MEDIUM,TECH,25
bytes,MEDIUM,TECH,25
input,MEDIUM,TECH,25
debug,MEDIUM,TECH,25
planet,MEDIUM,SCIENCE,25
energy,MEDIUM,SCIENCE,25
carbon,MEDIUM,SCIENCE,25
magnet,MEDIUM,SCIENCE,25
proton,MEDIUM,SCIENCE,25
dolphin,HARD,ANIMALS,40
penguin,HARD,ANIMALS,40
panther,HARD,ANIMALS,40
leopard,HARD,ANIMALS,40
gorilla,HARD,ANIMALS,40
asteroid,HARD,SCIENCE,40
nitrogen,HARD,SCIENCE,40
molecule,HARD,SCIENCE,40
electron,HARD,SCIENCE,40
friction,HARD,SCIENCE,40
keyboard,HARD,TECH,40
compiler,HARD,TECH,40
database,HARD,TECH,40
software,HARD,TECH,40
hardware,HARD,TECH,40
algorithm,HARD,TECH,50
interface,HARD,TECH,50
recursion,HARD,TECH,50
encapsulate,HARD,ADVANCED,50
polymorphism,HARD,ADVANCED,50
chromosome,HARD,SCIENCE,50
hypothesis,HARD,SCIENCE,50
experiment,HARD,SCIENCE,50
atmosphere,HARD,SCIENCE,50
combustion,HARD,SCIENCE,50
